[
  {
    "name": "Smartphone X1",
    "description": "A high-end smartphone with great features.",
    "price": 799.99,
    "categories": ["Electronics", "Mobile Phones"],
    "attributes": {
      "color": "Black",
      "brand": "BrandX",
      "storage": "128GB",
      "processor": "Octa-core"
    },
    "availability": {
      "inStock": true,
      "quantity": 100
    },
    "ratings": [
      {
        "userId": "user123",
        "rating": 5,
        "comment": "Excellent phone!"
      },
      {
        "userId": "user456",
        "rating": 4,
        "comment": "Good value for money."
      }
    ]
  },
  {
    "name": "Laptop Pro",
    "description": "A powerful laptop for professionals.",
    "price": 1499.99,
    "categories": ["Electronics", "Laptops"],
    "attributes": {
      "color": "Silver",
      "brand": "BrandY",
      "processor": "Intel i7",
      "ram": "16GB"
    },
    "availability": {
      "inStock": false,
      "quantity": 0
    },
    "ratings": [
      {
        "userId": "user789",
        "rating": 4,
        "comment": "Great performance but a bit expensive."
      }
    ]
  },
  {
    "name": "Wireless Headphones",
    "description": "Noise-canceling wireless headphones with long battery life.",
    "price": 199.99,
    "categories": ["Electronics", "Headphones"],
    "attributes": {
      "color": "White",
      "brand": "BrandZ",
      "batteryLife": "30 hours"
    },
    "availability": {
      "inStock": true,
      "quantity": 50
    },
    "ratings": [
      {
        "userId": "user101",
        "rating": 5,
        "comment": "Amazing sound quality and comfort!"
      },
      {
        "userId": "user202",
        "rating": 4,
        "comment": "Good noise cancellation, but slightly bulky."
      }
    ]
  },
  {
    "name": "Smartwatch Y",
    "description": "A stylish smartwatch with fitness tracking features.",
    "price": 299.99,
    "categories": ["Electronics", "Watches"],
    "attributes": {
      "color": "Black",
      "brand": "BrandX",
      "screenSize": "1.4 inches"
    },
    "availability": {
      "inStock": true,
      "quantity": 75
    },
    "ratings": [
      {
        "userId": "user303",
        "rating": 4,
        "comment": "Good for fitness tracking but the battery could last longer."
      },
      {
        "userId": "user404",
        "rating": 5,
        "comment": "Perfect for everyday use!"
      }
    ]
  },
  {
    "name": "Bluetooth Speaker Z",
    "description": "Portable Bluetooth speaker with deep bass and waterproof design.",
    "price": 99.99,
    "categories": ["Electronics", "Speakers"],
    "attributes": {
      "color": "Blue",
      "brand": "BrandW",
      "waterproof": "Yes"
    },
    "availability": {
      "inStock": true,
      "quantity": 200
    },
    "ratings": [
      {
        "userId": "user505",
        "rating": 5,
        "comment": "Incredible sound for the price!"
      },
      {
        "userId": "user606",
        "rating": 4,
        "comment": "Great sound, but a little bulky."
      }
    ]
  }
]
